<?xml version="1.0" encoding="UTF-8"?>
<project-private xmlns="http://www.netbeans.org/ns/project-private/1">
    <editor-bookmarks xmlns="http://www.netbeans.org/ns/editor-bookmarks/2" lastBookmarkId="0"/>
    <open-files xmlns="http://www.netbeans.org/ns/projectui-open-files/2">
        <group>
            <file>file:/D:/UM/Informática/3º%20Ano/1º%20Semestre/DSS/dss-1617/dss-1617/Fase%202/DivideDespesa/src/dividedespesa/database/QuartoDAO.java</file>
            <file>file:/D:/UM/Informática/3º%20Ano/1º%20Semestre/DSS/dss-1617/dss-1617/Fase%202/DivideDespesa/src/dividedespesa/Interface/AlterarRenda.java</file>
            <file>file:/D:/UM/Informática/3º%20Ano/1º%20Semestre/DSS/dss-1617/dss-1617/Fase%202/DivideDespesa/src/dividedespesa/Interface/AlterarDadosMorador.java</file>
            <file>file:/D:/UM/Informática/3º%20Ano/1º%20Semestre/DSS/dss-1617/dss-1617/Fase%202/DivideDespesa/src/dividedespesa/BusinessLayer/DivideDespesaFacade.java</file>
            <file>file:/D:/UM/Informática/3º%20Ano/1º%20Semestre/DSS/dss-1617/dss-1617/Fase%202/DivideDespesa/src/dividedespesa/BusinessLayer/DivideDespesa.java</file>
        </group>
    </open-files>
</project-private>
